ID,RelapseFreeSurvival (outcome)
TRG002728,61.594635108792964
TRG002649,56.20875009288117
TRG002628,47.97301278673458
